motif,n,m,zbar,d_s,R2,Lambda,eps_spec
square_2D_20x20,400,760,3.8,0.9448986401587147,0.8195832945433361,3.5121005297827868,0.0519833096763996
cubic_3D_8x8x8,512,1344,5.25,1.2572371031809786,0.8258460554940487,4.000000000000005,0.05232988440440195
chimera_like_8x8,512,2816,11.0,1.4902960413186987,0.899037093206536,3.298689011355701,0.04826927793011703
random_regular_n500_z6,500,1500,6.0,1.5786962114540635,0.8124353291025194,4.692174853314487,0.051874691803635097
watts_strogatz_n500_k6_p0.1,500,1500,6.0,1.219935430523165,0.8376440604322316,3.188115860225375,0.05256663431628326
barabasi_albert_n500_m3,500,1491,5.964,1.463621889662562,0.7768223767695974,3.648115738098006,0.05228767001162141
